table_number,table_title,roll_table_group,table_file,roll,encounter_group,total_creatures,gate_invasion,creature_names,catalog_files,entry_anchors
1,Approved Nonmagical Oozes,natural_ecology,natural_ecology/Approved_Nonmagical_Oozes.md,1,2 Gray Oozes,2,false,Gray Ooze,catalog/natural_ecology/Approved_Nonmagical_Oozes.md,gray-ooze
1,Approved Nonmagical Oozes,natural_ecology,natural_ecology/Approved_Nonmagical_Oozes.md,2,1 Ochre Jelly + 2 Gray Oozes,3,false,Ochre Jelly; Gray Ooze,catalog/natural_ecology/Approved_Nonmagical_Oozes.md; catalog/natural_ecology/Approved_Nonmagical_Oozes.md,ochre-jelly; gray-ooze
1,Approved Nonmagical Oozes,natural_ecology,natural_ecology/Approved_Nonmagical_Oozes.md,3,1 Gelatinous Cube,1,false,Gelatinous Cube,catalog/natural_ecology/Approved_Nonmagical_Oozes.md,gelatinous-cube
1,Approved Nonmagical Oozes,natural_ecology,natural_ecology/Approved_Nonmagical_Oozes.md,4,2 Ochre Jellies,2,false,Ochre Jelly,catalog/natural_ecology/Approved_Nonmagical_Oozes.md,ochre-jelly
1,Approved Nonmagical Oozes,natural_ecology,natural_ecology/Approved_Nonmagical_Oozes.md,5,1 Black Pudding,1,false,Black Pudding,catalog/natural_ecology/Approved_Nonmagical_Oozes.md,black-pudding
1,Approved Nonmagical Oozes,natural_ecology,natural_ecology/Approved_Nonmagical_Oozes.md,6,1 Black Pudding + 2 Gray Oozes,3,false,Black Pudding; Gray Ooze,catalog/natural_ecology/Approved_Nonmagical_Oozes.md; catalog/natural_ecology/Approved_Nonmagical_Oozes.md,black-pudding; gray-ooze
2,Freshwater Marsh and Deep Water Threats,natural_ecology,natural_ecology/Freshwater_Marsh_and_Deep_Water_Threats.md,1,1 Giant Constrictor Snake + 2 Giant Frogs,3,false,Giant Constrictor Snake; Giant Frog,catalog/natural_ecology/Freshwater_Marsh_and_Deep_Water_Wildlife.md; catalog/natural_ecology/Aquatic_Wetland_and_Coastal_Wildlife.md,giant-constrictor-snake; giant-frog
2,Freshwater Marsh and Deep Water Threats,natural_ecology,natural_ecology/Freshwater_Marsh_and_Deep_Water_Threats.md,2,1 Giant Snapping Turtle + 2 Giant Toads,3,false,Giant Snapping Turtle; Giant Toad,catalog/natural_ecology/Freshwater_Marsh_and_Deep_Water_Wildlife.md; catalog/natural_ecology/Aquatic_Wetland_and_Coastal_Wildlife.md,giant-snapping-turtle; giant-toad
2,Freshwater Marsh and Deep Water Threats,natural_ecology,natural_ecology/Freshwater_Marsh_and_Deep_Water_Threats.md,3,2 Swarms of Quippers + 1 Giant Crocodile,3,false,Swarm of Quippers; Giant Crocodile,catalog/natural_ecology/Freshwater_Marsh_and_Deep_Water_Wildlife.md; catalog/natural_ecology/Aquatic_Wetland_and_Coastal_Wildlife.md,swarm-of-quippers; giant-crocodile
2,Freshwater Marsh and Deep Water Threats,natural_ecology,natural_ecology/Freshwater_Marsh_and_Deep_Water_Threats.md,4,2 Killer Whales,2,false,Killer Whale,catalog/natural_ecology/Freshwater_Marsh_and_Deep_Water_Wildlife.md,killer-whale
2,Freshwater Marsh and Deep Water Threats,natural_ecology,natural_ecology/Freshwater_Marsh_and_Deep_Water_Threats.md,5,2 Plesiosaurs,2,false,Plesiosaurus,catalog/natural_ecology/Freshwater_Marsh_and_Deep_Water_Wildlife.md,plesiosaurus
2,Freshwater Marsh and Deep Water Threats,natural_ecology,natural_ecology/Freshwater_Marsh_and_Deep_Water_Threats.md,6,1 Giant Squid + 2 Hunter Sharks,3,false,Giant Squid; Hunter Shark,catalog/natural_ecology/Freshwater_Marsh_and_Deep_Water_Wildlife.md; catalog/natural_ecology/Aquatic_Wetland_and_Coastal_Wildlife.md,giant-squid; hunter-shark
3,Physical Fungi Myconids and Predatory Plants,natural_ecology,natural_ecology/Physical_Fungi_Myconids_and_Predatory_Plants.md,1,2 Myconid Adults + 4 Myconid Sprouts + 2 Shrieker Fungi,8,false,Myconid Adult; Myconid Sprout; Shrieker Fungus,catalog/natural_ecology/Physical_Fungi_Myconids_and_Predatory_Plants.md; catalog/natural_ecology/Physical_Fungi_Myconids_and_Predatory_Plants.md; catalog/natural_ecology/Physical_Fungi_Myconids_and_Predatory_Plants.md,myconid-adult; myconid-sprout; shrieker-fungus
3,Physical Fungi Myconids and Predatory Plants,natural_ecology,natural_ecology/Physical_Fungi_Myconids_and_Predatory_Plants.md,2,1 Myconid Adult + 3 Violet Fungi,4,false,Myconid Adult; Violet Fungus,catalog/natural_ecology/Physical_Fungi_Myconids_and_Predatory_Plants.md; catalog/natural_ecology/Physical_Fungi_Myconids_and_Predatory_Plants.md,myconid-adult; violet-fungus
3,Physical Fungi Myconids and Predatory Plants,natural_ecology,natural_ecology/Physical_Fungi_Myconids_and_Predatory_Plants.md,3,2 Assassin Vines + 2 Shrieker Fungi,4,false,Assassin Vine; Shrieker Fungus,catalog/natural_ecology/Physical_Fungi_Myconids_and_Predatory_Plants.md; catalog/natural_ecology/Physical_Fungi_Myconids_and_Predatory_Plants.md,assassin-vine; shrieker-fungus
3,Physical Fungi Myconids and Predatory Plants,natural_ecology,natural_ecology/Physical_Fungi_Myconids_and_Predatory_Plants.md,4,3 Gas Spores + 2 Shrieker Fungi,5,false,Gas Spore Fungus; Shrieker Fungus,catalog/natural_ecology/Physical_Fungi_Myconids_and_Predatory_Plants.md; catalog/natural_ecology/Physical_Fungi_Myconids_and_Predatory_Plants.md,gas-spore-fungus; shrieker-fungus
3,Physical Fungi Myconids and Predatory Plants,natural_ecology,natural_ecology/Physical_Fungi_Myconids_and_Predatory_Plants.md,5,1 Assassin Vine + 4 Violet Fungi,5,false,Assassin Vine; Violet Fungus,catalog/natural_ecology/Physical_Fungi_Myconids_and_Predatory_Plants.md; catalog/natural_ecology/Physical_Fungi_Myconids_and_Predatory_Plants.md,assassin-vine; violet-fungus
3,Physical Fungi Myconids and Predatory Plants,natural_ecology,natural_ecology/Physical_Fungi_Myconids_and_Predatory_Plants.md,6,3 Myconid Adults + 6 Myconid Sprouts + 3 Shrieker Fungi,12,false,Myconid Adult; Myconid Sprout; Shrieker Fungus,catalog/natural_ecology/Physical_Fungi_Myconids_and_Predatory_Plants.md; catalog/natural_ecology/Physical_Fungi_Myconids_and_Predatory_Plants.md; catalog/natural_ecology/Physical_Fungi_Myconids_and_Predatory_Plants.md,myconid-adult; myconid-sprout; shrieker-fungus
4,Aerial and Cliff Dwelling Wildlife,natural_ecology,natural_ecology/Aerial_and_Cliff_Dwelling_Wildlife.md,1,6 Giant Bats,6,false,Giant Bat,catalog/natural_ecology/Aerial_and_Cliff_Dwelling_Wildlife.md,giant-bat
4,Aerial and Cliff Dwelling Wildlife,natural_ecology,natural_ecology/Aerial_and_Cliff_Dwelling_Wildlife.md,2,4 Pteranodons,4,false,Pteranodon,catalog/natural_ecology/Aerial_and_Cliff_Dwelling_Wildlife.md,pteranodon
4,Aerial and Cliff Dwelling Wildlife,natural_ecology,natural_ecology/Aerial_and_Cliff_Dwelling_Wildlife.md,3,3 Giant Wasps,3,false,Giant Wasp,catalog/natural_ecology/Aerial_and_Cliff_Dwelling_Wildlife.md,giant-wasp
4,Aerial and Cliff Dwelling Wildlife,natural_ecology,natural_ecology/Aerial_and_Cliff_Dwelling_Wildlife.md,4,2 Giant Vultures,2,false,Giant Vulture,catalog/natural_ecology/Southern_Plains_Wildlife.md,giant-vulture
4,Aerial and Cliff Dwelling Wildlife,natural_ecology,natural_ecology/Aerial_and_Cliff_Dwelling_Wildlife.md,5,1 Giant Vulture + 3 Pteranodons,4,false,Giant Vulture; Pteranodon,catalog/natural_ecology/Southern_Plains_Wildlife.md; catalog/natural_ecology/Aerial_and_Cliff_Dwelling_Wildlife.md,giant-vulture; pteranodon
4,Aerial and Cliff Dwelling Wildlife,natural_ecology,natural_ecology/Aerial_and_Cliff_Dwelling_Wildlife.md,6,6 Giant Wasps,6,false,Giant Wasp,catalog/natural_ecology/Aerial_and_Cliff_Dwelling_Wildlife.md,giant-wasp
5,Aquatic Wetland and Coastal Wildlife,natural_ecology,natural_ecology/Aquatic_Wetland_and_Coastal_Wildlife.md,1,4 Giant Crabs,4,false,Giant Crab,catalog/natural_ecology/Aquatic_Wetland_and_Coastal_Wildlife.md,giant-crab
5,Aquatic Wetland and Coastal Wildlife,natural_ecology,natural_ecology/Aquatic_Wetland_and_Coastal_Wildlife.md,2,1 Giant Octopus,1,false,Giant Octopus,catalog/natural_ecology/Aquatic_Wetland_and_Coastal_Wildlife.md,giant-octopus
5,Aquatic Wetland and Coastal Wildlife,natural_ecology,natural_ecology/Aquatic_Wetland_and_Coastal_Wildlife.md,3,3 Reef Sharks,3,false,Reef Shark,catalog/natural_ecology/Aquatic_Wetland_and_Coastal_Wildlife.md,reef-shark
5,Aquatic Wetland and Coastal Wildlife,natural_ecology,natural_ecology/Aquatic_Wetland_and_Coastal_Wildlife.md,4,2 Hunter Sharks,2,false,Hunter Shark,catalog/natural_ecology/Aquatic_Wetland_and_Coastal_Wildlife.md,hunter-shark
5,Aquatic Wetland and Coastal Wildlife,natural_ecology,natural_ecology/Aquatic_Wetland_and_Coastal_Wildlife.md,5,1 Giant Crocodile + 2 Crocodiles,3,false,Giant Crocodile; Crocodile,catalog/natural_ecology/Aquatic_Wetland_and_Coastal_Wildlife.md; catalog/natural_ecology/Aquatic_Wetland_and_Coastal_Wildlife.md,giant-crocodile; crocodile
5,Aquatic Wetland and Coastal Wildlife,natural_ecology,natural_ecology/Aquatic_Wetland_and_Coastal_Wildlife.md,6,1 Giant Shark,1,false,Giant Shark,catalog/natural_ecology/Aquatic_Wetland_and_Coastal_Wildlife.md,giant-shark
6,Cavern Mine and Burrowing Predators,natural_ecology,natural_ecology/Cavern_Mine_and_Burrowing_Predators.md,1,4 Giant Centipedes + 2 Giant Fire Beetles,6,false,Giant Centipede; Giant Fire Beetle,catalog/natural_ecology/Swarms_and_Small_Vermin.md; catalog/natural_ecology/Swarms_and_Small_Vermin.md,giant-centipede; giant-fire-beetle
6,Cavern Mine and Burrowing Predators,natural_ecology,natural_ecology/Cavern_Mine_and_Burrowing_Predators.md,2,3 Giant Spiders,3,false,Giant Spider,catalog/natural_ecology/Cavern_Mine_and_Burrowing_Predators.md,giant-spider
6,Cavern Mine and Burrowing Predators,natural_ecology,natural_ecology/Cavern_Mine_and_Burrowing_Predators.md,3,1 Carrion Crawler + 4 Giant Fire Beetles,5,false,Carrion Crawler; Giant Fire Beetle,catalog/natural_ecology/Cavern_Mine_and_Burrowing_Predators.md; catalog/natural_ecology/Swarms_and_Small_Vermin.md,carrion-crawler; giant-fire-beetle
6,Cavern Mine and Burrowing Predators,natural_ecology,natural_ecology/Cavern_Mine_and_Burrowing_Predators.md,4,1 Cave Fisher + 2 Piercers,3,false,Cave Fisher; Piercer,catalog/natural_ecology/Cavern_Mine_and_Burrowing_Predators.md; catalog/natural_ecology/Cavern_Mine_and_Burrowing_Predators.md,cave-fisher; piercer
6,Cavern Mine and Burrowing Predators,natural_ecology,natural_ecology/Cavern_Mine_and_Burrowing_Predators.md,5,1 Ankheg + 2 Giant Lizards,3,false,Ankheg; Giant Lizard,catalog/natural_ecology/Cavern_Mine_and_Burrowing_Predators.md; catalog/natural_ecology/Cavern_Mine_and_Burrowing_Predators.md,ankheg; giant-lizard
6,Cavern Mine and Burrowing Predators,natural_ecology,natural_ecology/Cavern_Mine_and_Burrowing_Predators.md,6,1 Bulette,1,false,Bulette,catalog/natural_ecology/Cavern_Mine_and_Burrowing_Predators.md,bulette
7,Cold Region Predators,natural_ecology,natural_ecology/Cold_Region_Predators.md,1,2 Saber-Toothed Tigers,2,false,Saber-Toothed Tiger,catalog/natural_ecology/Cold_Region_Predators.md,saber-toothed-tiger
7,Cold Region Predators,natural_ecology,natural_ecology/Cold_Region_Predators.md,2,1 Winter Wolf + 4 Wolves,5,false,Winter Wolf; Wolf,catalog/natural_ecology/Cold_Region_Predators.md; catalog/natural_ecology/Wolves_and_Large_Predators.md,winter-wolf; wolf
7,Cold Region Predators,natural_ecology,natural_ecology/Cold_Region_Predators.md,3,1 Yeti,1,false,Yeti,catalog/natural_ecology/Cold_Region_Predators.md,yeti
7,Cold Region Predators,natural_ecology,natural_ecology/Cold_Region_Predators.md,4,1 Young Remorhaz,1,false,Young Remorhaz,catalog/natural_ecology/Cold_Region_Predators.md,young-remorhaz
7,Cold Region Predators,natural_ecology,natural_ecology/Cold_Region_Predators.md,5,1 Abominable Yeti,1,false,Abominable Yeti,catalog/natural_ecology/Cold_Region_Predators.md,abominable-yeti
7,Cold Region Predators,natural_ecology,natural_ecology/Cold_Region_Predators.md,6,1 Remorhaz,1,false,Remorhaz,catalog/natural_ecology/Cold_Region_Predators.md,remorhaz
8,Hoofed Animals and Megafauna,natural_ecology,natural_ecology/Hoofed_Animals_and_Megafauna.md,1,8 Elk,8,false,Elk,catalog/natural_ecology/Hoofed_Animals_and_Megafauna.md,elk
8,Hoofed Animals and Megafauna,natural_ecology,natural_ecology/Hoofed_Animals_and_Megafauna.md,2,6 Boars + 1 Giant Boar,7,false,Boar; Giant Boar,catalog/natural_ecology/Hoofed_Animals_and_Megafauna.md; catalog/natural_ecology/Hoofed_Animals_and_Megafauna.md,boar; giant-boar
8,Hoofed Animals and Megafauna,natural_ecology,natural_ecology/Hoofed_Animals_and_Megafauna.md,3,5 Giant Goats,5,false,Giant Goat,catalog/natural_ecology/Hoofed_Animals_and_Megafauna.md,giant-goat
8,Hoofed Animals and Megafauna,natural_ecology,natural_ecology/Hoofed_Animals_and_Megafauna.md,4,2 Giant Boars,2,false,Giant Boar,catalog/natural_ecology/Hoofed_Animals_and_Megafauna.md,giant-boar
8,Hoofed Animals and Megafauna,natural_ecology,natural_ecology/Hoofed_Animals_and_Megafauna.md,5,2 Mammoths,2,false,Mammoth,catalog/natural_ecology/Hoofed_Animals_and_Megafauna.md,mammoth
8,Hoofed Animals and Megafauna,natural_ecology,natural_ecology/Hoofed_Animals_and_Megafauna.md,6,3 Mammoths,3,false,Mammoth,catalog/natural_ecology/Hoofed_Animals_and_Megafauna.md,mammoth
9,Southern Plains Wildlife,natural_ecology,natural_ecology/Southern_Plains_Wildlife.md,1,6 Hyenas + 1 Giant Hyena,7,false,Hyena; Giant Hyena,catalog/natural_ecology/Southern_Plains_Wildlife.md; catalog/natural_ecology/Southern_Plains_Wildlife.md,hyena; giant-hyena
9,Southern Plains Wildlife,natural_ecology,natural_ecology/Southern_Plains_Wildlife.md,2,3 Panthers,3,false,Panther,catalog/natural_ecology/Southern_Plains_Wildlife.md,panther
9,Southern Plains Wildlife,natural_ecology,natural_ecology/Southern_Plains_Wildlife.md,3,6 Axe Beaks,6,false,Axe Beak,catalog/natural_ecology/Southern_Plains_Wildlife.md,axe-beak
9,Southern Plains Wildlife,natural_ecology,natural_ecology/Southern_Plains_Wildlife.md,4,4 Lions,4,false,Lion,catalog/natural_ecology/Southern_Plains_Wildlife.md,lion
9,Southern Plains Wildlife,natural_ecology,natural_ecology/Southern_Plains_Wildlife.md,5,2 Tigers,2,false,Tiger,catalog/natural_ecology/Southern_Plains_Wildlife.md,tiger
9,Southern Plains Wildlife,natural_ecology,natural_ecology/Southern_Plains_Wildlife.md,6,2 Elephants,2,false,Elephant,catalog/natural_ecology/Southern_Plains_Wildlife.md,elephant
10,Swarms and Small Vermin,natural_ecology,natural_ecology/Swarms_and_Small_Vermin.md,1,2 Swarms of Rats,2,false,Swarm of Rats,catalog/natural_ecology/Swarms_and_Small_Vermin.md,swarm-of-rats
10,Swarms and Small Vermin,natural_ecology,natural_ecology/Swarms_and_Small_Vermin.md,2,2 Swarms of Bats,2,false,Swarm of Bats,catalog/natural_ecology/Swarms_and_Small_Vermin.md,swarm-of-bats
10,Swarms and Small Vermin,natural_ecology,natural_ecology/Swarms_and_Small_Vermin.md,3,2 Swarms of Ravens,2,false,Swarm of Ravens,catalog/natural_ecology/Swarms_and_Small_Vermin.md,swarm-of-ravens
10,Swarms and Small Vermin,natural_ecology,natural_ecology/Swarms_and_Small_Vermin.md,4,2 Swarms of Insects,2,false,Swarm of Insects,catalog/natural_ecology/Swarms_and_Small_Vermin.md,swarm-of-insects
10,Swarms and Small Vermin,natural_ecology,natural_ecology/Swarms_and_Small_Vermin.md,5,1 Swarm of Rats + 1 Swarm of Insects,2,false,Swarm of Rats; Swarm of Insects,catalog/natural_ecology/Swarms_and_Small_Vermin.md; catalog/natural_ecology/Swarms_and_Small_Vermin.md,swarm-of-rats; swarm-of-insects
10,Swarms and Small Vermin,natural_ecology,natural_ecology/Swarms_and_Small_Vermin.md,6,1 Swarm of Bats + 1 Swarm of Ravens,2,false,Swarm of Bats; Swarm of Ravens,catalog/natural_ecology/Swarms_and_Small_Vermin.md; catalog/natural_ecology/Swarms_and_Small_Vermin.md,swarm-of-bats; swarm-of-ravens
11,Venomous Animals and Large Insects,natural_ecology,natural_ecology/Venomous_Animals_and_Large_Insects.md,1,4 Giant Wolf Spiders,4,false,Giant Wolf Spider,catalog/natural_ecology/Venomous_Animals_and_Large_Insects.md,giant-wolf-spider
11,Venomous Animals and Large Insects,natural_ecology,natural_ecology/Venomous_Animals_and_Large_Insects.md,2,2 Giant Venomous Snakes + 1 Swarm of Venomous Snakes,3,false,Giant Venomous Snake; Swarm of Venomous Snakes,catalog/natural_ecology/Venomous_Animals_and_Large_Insects.md; catalog/natural_ecology/Venomous_Animals_and_Large_Insects.md,giant-venomous-snake; swarm-of-venomous-snakes
11,Venomous Animals and Large Insects,natural_ecology,natural_ecology/Venomous_Animals_and_Large_Insects.md,3,2 Giant Scorpions,2,false,Giant Scorpion,catalog/natural_ecology/Venomous_Animals_and_Large_Insects.md,giant-scorpion
11,Venomous Animals and Large Insects,natural_ecology,natural_ecology/Venomous_Animals_and_Large_Insects.md,4,1 Kruthik Hive Lord + 4 Adult Kruthiks + 12 Young Kruthiks,17,false,Kruthik Hive Lord; Adult Kruthik; Young Kruthik,catalog/natural_ecology/Venomous_Animals_and_Large_Insects.md; catalog/natural_ecology/Venomous_Animals_and_Large_Insects.md; catalog/natural_ecology/Venomous_Animals_and_Large_Insects.md,kruthik-hive-lord; adult-kruthik; young-kruthik
11,Venomous Animals and Large Insects,natural_ecology,natural_ecology/Venomous_Animals_and_Large_Insects.md,5,1 Umber Hulk,1,false,Umber Hulk,catalog/natural_ecology/Venomous_Animals_and_Large_Insects.md,umber-hulk
11,Venomous Animals and Large Insects,natural_ecology,natural_ecology/Venomous_Animals_and_Large_Insects.md,6,1 Purple Worm,1,false,Purple Worm,catalog/natural_ecology/Venomous_Animals_and_Large_Insects.md,purple-worm
12,Wolves and Large Predators,natural_ecology,natural_ecology/Wolves_and_Large_Predators.md,1,6 Wolves,6,false,Wolf,catalog/natural_ecology/Wolves_and_Large_Predators.md,wolf
12,Wolves and Large Predators,natural_ecology,natural_ecology/Wolves_and_Large_Predators.md,2,1 Dire Wolf + 6 Wolves,7,false,Dire Wolf; Wolf,catalog/natural_ecology/Wolves_and_Large_Predators.md; catalog/natural_ecology/Wolves_and_Large_Predators.md,dire-wolf; wolf
12,Wolves and Large Predators,natural_ecology,natural_ecology/Wolves_and_Large_Predators.md,3,1 Black Bear,1,false,Black Bear,catalog/natural_ecology/Wolves_and_Large_Predators.md,black-bear
12,Wolves and Large Predators,natural_ecology,natural_ecology/Wolves_and_Large_Predators.md,4,1 Brown Bear,1,false,Brown Bear,catalog/natural_ecology/Wolves_and_Large_Predators.md,brown-bear
12,Wolves and Large Predators,natural_ecology,natural_ecology/Wolves_and_Large_Predators.md,5,1 Polar Bear,1,false,Polar Bear,catalog/natural_ecology/Wolves_and_Large_Predators.md,polar-bear
12,Wolves and Large Predators,natural_ecology,natural_ecology/Wolves_and_Large_Predators.md,6,2 Dire Wolves + 8 Wolves,10,false,Dire Wolf; Wolf,catalog/natural_ecology/Wolves_and_Large_Predators.md; catalog/natural_ecology/Wolves_and_Large_Predators.md,dire-wolf; wolf
13,Captured and Transported Monstrosities,planar_and_magical,planar_and_magical/Captured_and_Transported_Monstrosities.md,1,2 Rust Monsters,2,false,Rust Monster,catalog/planar_and_magical/Captured_and_Transported_Monstrosities.md,rust-monster
13,Captured and Transported Monstrosities,planar_and_magical,planar_and_magical/Captured_and_Transported_Monstrosities.md,2,4 Cockatrices,4,false,Cockatrice,catalog/planar_and_magical/Captured_and_Transported_Monstrosities.md,cockatrice
13,Captured and Transported Monstrosities,planar_and_magical,planar_and_magical/Captured_and_Transported_Monstrosities.md,3,2 Death Dogs,2,false,Death Dog,catalog/planar_and_magical/Captured_and_Transported_Monstrosities.md,death-dog
13,Captured and Transported Monstrosities,planar_and_magical,planar_and_magical/Captured_and_Transported_Monstrosities.md,4,1 Basilisk,1,false,Basilisk,catalog/planar_and_magical/Captured_and_Transported_Monstrosities.md,basilisk
13,Captured and Transported Monstrosities,planar_and_magical,planar_and_magical/Captured_and_Transported_Monstrosities.md,5,1 Roper,1,false,Roper,catalog/planar_and_magical/Captured_and_Transported_Monstrosities.md,roper
13,Captured and Transported Monstrosities,planar_and_magical,planar_and_magical/Captured_and_Transported_Monstrosities.md,6,2 Mimics,2,false,Mimic,catalog/planar_and_magical/Captured_and_Transported_Monstrosities.md,mimic
14,Clockwork Construct Adaptation Chassis,constructs_and_animated,constructs_and_animated/Clockwork_Construct_Adaptation_Chassis.md,1,4 Bronze Scouts,4,false,Bronze Scout,catalog/constructs_and_animated/Clockwork_Construct_Adaptation_Chassis.md,bronze-scout
14,Clockwork Construct Adaptation Chassis,constructs_and_animated,constructs_and_animated/Clockwork_Construct_Adaptation_Chassis.md,2,3 Iron Cobras,3,false,Iron Cobra,catalog/constructs_and_animated/Clockwork_Construct_Adaptation_Chassis.md,iron-cobra
14,Clockwork Construct Adaptation Chassis,constructs_and_animated,constructs_and_animated/Clockwork_Construct_Adaptation_Chassis.md,3,2 Stone Defenders,2,false,Stone Defender,catalog/constructs_and_animated/Clockwork_Construct_Adaptation_Chassis.md,stone-defender
14,Clockwork Construct Adaptation Chassis,constructs_and_animated,constructs_and_animated/Clockwork_Construct_Adaptation_Chassis.md,4,2 Oaken Bolters + 2 Bronze Scouts,4,false,Oaken Bolter; Bronze Scout,catalog/constructs_and_animated/Clockwork_Construct_Adaptation_Chassis.md; catalog/constructs_and_animated/Clockwork_Construct_Adaptation_Chassis.md,oaken-bolter; bronze-scout
14,Clockwork Construct Adaptation Chassis,constructs_and_animated,constructs_and_animated/Clockwork_Construct_Adaptation_Chassis.md,5,1 Stone Defender + 2 Iron Cobras + 2 Bronze Scouts,5,false,Stone Defender; Iron Cobra; Bronze Scout,catalog/constructs_and_animated/Clockwork_Construct_Adaptation_Chassis.md; catalog/constructs_and_animated/Clockwork_Construct_Adaptation_Chassis.md; catalog/constructs_and_animated/Clockwork_Construct_Adaptation_Chassis.md,stone-defender; iron-cobra; bronze-scout
14,Clockwork Construct Adaptation Chassis,constructs_and_animated,constructs_and_animated/Clockwork_Construct_Adaptation_Chassis.md,6,2 Stone Defenders + 2 Oaken Bolters + 4 Bronze Scouts,8,false,Stone Defender; Oaken Bolter; Bronze Scout,catalog/constructs_and_animated/Clockwork_Construct_Adaptation_Chassis.md; catalog/constructs_and_animated/Clockwork_Construct_Adaptation_Chassis.md; catalog/constructs_and_animated/Clockwork_Construct_Adaptation_Chassis.md,stone-defender; oaken-bolter; bronze-scout
15,Fey and Ethereal Predators,planar_and_magical,planar_and_magical/Fey_and_Ethereal_Predators.md,1,6 Blink Dogs,6,false,Blink Dog,catalog/planar_and_magical/Fey_and_Ethereal_Predators.md,blink-dog
15,Fey and Ethereal Predators,planar_and_magical,planar_and_magical/Fey_and_Ethereal_Predators.md,2,2 Displacer Beasts,2,false,Displacer Beast,catalog/planar_and_magical/Fey_and_Ethereal_Predators.md,displacer-beast
15,Fey and Ethereal Predators,planar_and_magical,planar_and_magical/Fey_and_Ethereal_Predators.md,3,2 Phase Spiders,2,false,Phase Spider,catalog/planar_and_magical/Fey_and_Ethereal_Predators.md,phase-spider
15,Fey and Ethereal Predators,planar_and_magical,planar_and_magical/Fey_and_Ethereal_Predators.md,4,1 Displacer Beast + 4 Blink Dogs,5,false,Displacer Beast; Blink Dog,catalog/planar_and_magical/Fey_and_Ethereal_Predators.md; catalog/planar_and_magical/Fey_and_Ethereal_Predators.md,displacer-beast; blink-dog
15,Fey and Ethereal Predators,planar_and_magical,planar_and_magical/Fey_and_Ethereal_Predators.md,5,1 Phase Spider + 2 Blink Dogs,3,false,Phase Spider; Blink Dog,catalog/planar_and_magical/Fey_and_Ethereal_Predators.md; catalog/planar_and_magical/Fey_and_Ethereal_Predators.md,phase-spider; blink-dog
15,Fey and Ethereal Predators,planar_and_magical,planar_and_magical/Fey_and_Ethereal_Predators.md,6,2 Displacer Beasts + 2 Phase Spiders,4,false,Displacer Beast; Phase Spider,catalog/planar_and_magical/Fey_and_Ethereal_Predators.md; catalog/planar_and_magical/Fey_and_Ethereal_Predators.md,displacer-beast; phase-spider
16,Fey and Magical Wilderness Creatures,planar_and_magical,planar_and_magical/Fey_and_Magical_Wilderness_Creatures.md,1,1 Dryad + 4 Sprites + 2 Pixies,7,false,Dryad; Sprite; Pixie,catalog/planar_and_magical/Fey_and_Magical_Wilderness_Creatures.md; catalog/planar_and_magical/Fey_and_Magical_Wilderness_Creatures.md; catalog/planar_and_magical/Fey_and_Magical_Wilderness_Creatures.md,dryad; sprite; pixie
16,Fey and Magical Wilderness Creatures,planar_and_magical,planar_and_magical/Fey_and_Magical_Wilderness_Creatures.md,2,1 Green Hag + 2 Yeth Hounds,3,false,Green Hag; Yeth Hound,catalog/planar_and_magical/Fey_and_Magical_Wilderness_Creatures.md; catalog/planar_and_magical/Fey_and_Magical_Wilderness_Creatures.md,green-hag; yeth-hound
16,Fey and Magical Wilderness Creatures,planar_and_magical,planar_and_magical/Fey_and_Magical_Wilderness_Creatures.md,3,2 Satyrs + 4 Boggles,6,false,Satyr; Boggle,catalog/planar_and_magical/Fey_and_Magical_Wilderness_Creatures.md; catalog/planar_and_magical/Fey_and_Magical_Wilderness_Creatures.md,satyr; boggle
16,Fey and Magical Wilderness Creatures,planar_and_magical,planar_and_magical/Fey_and_Magical_Wilderness_Creatures.md,4,1 Quickling + 4 Darklings,5,false,Quickling; Darkling,catalog/planar_and_magical/Fey_and_Magical_Wilderness_Creatures.md; catalog/planar_and_magical/Fey_and_Magical_Wilderness_Creatures.md,quickling; darkling
16,Fey and Magical Wilderness Creatures,planar_and_magical,planar_and_magical/Fey_and_Magical_Wilderness_Creatures.md,5,1 Redcap + 4 Meenlocks,5,false,Redcap; Meenlock,catalog/planar_and_magical/Fey_and_Magical_Wilderness_Creatures.md; catalog/planar_and_magical/Fey_and_Magical_Wilderness_Creatures.md,redcap; meenlock
16,Fey and Magical Wilderness Creatures,planar_and_magical,planar_and_magical/Fey_and_Magical_Wilderness_Creatures.md,6,1 Wood Woad + 2 Dryads + 6 Sprites,9,false,Wood Woad; Dryad; Sprite,catalog/planar_and_magical/Magically_Sustained_Plants_and_Blights.md; catalog/planar_and_magical/Fey_and_Magical_Wilderness_Creatures.md; catalog/planar_and_magical/Fey_and_Magical_Wilderness_Creatures.md,wood-woad; dryad; sprite
17,Intelligent Aquatic and Magical Water Threats,planar_and_magical,planar_and_magical/Intelligent_Aquatic_and_Magical_Water_Threats.md,1,4 Merrow + 2 Hunter Sharks,6,false,Merrow; Hunter Shark,catalog/planar_and_magical/Intelligent_Aquatic_and_Magical_Water_Threats.md; catalog/natural_ecology/Aquatic_Wetland_and_Coastal_Wildlife.md,merrow; hunter-shark
17,Intelligent Aquatic and Magical Water Threats,planar_and_magical,planar_and_magical/Intelligent_Aquatic_and_Magical_Water_Threats.md,2,6 Sea Spawn + 2 Giant Sea Eels,8,false,Sea Spawn; Giant Sea Eel,catalog/planar_and_magical/Intelligent_Aquatic_and_Magical_Water_Threats.md; catalog/natural_ecology/Freshwater_Marsh_and_Deep_Water_Wildlife.md,sea-spawn; giant-sea-eel
17,Intelligent Aquatic and Magical Water Threats,planar_and_magical,planar_and_magical/Intelligent_Aquatic_and_Magical_Water_Threats.md,3,2 Merrow + 1 Giant Octopus,3,false,Merrow; Giant Octopus,catalog/planar_and_magical/Intelligent_Aquatic_and_Magical_Water_Threats.md; catalog/natural_ecology/Aquatic_Wetland_and_Coastal_Wildlife.md,merrow; giant-octopus
17,Intelligent Aquatic and Magical Water Threats,planar_and_magical,planar_and_magical/Intelligent_Aquatic_and_Magical_Water_Threats.md,4,1 Sea Hag + 4 Sea Spawn,5,false,Sea Hag; Sea Spawn,catalog/gate_incursions/Minor_and_Moderate_Gate_Incursions.md; catalog/planar_and_magical/Intelligent_Aquatic_and_Magical_Water_Threats.md,sea-hag; sea-spawn
17,Intelligent Aquatic and Magical Water Threats,planar_and_magical,planar_and_magical/Intelligent_Aquatic_and_Magical_Water_Threats.md,5,1 Water Weird + 4 Sea Spawn,5,false,Water Weird; Sea Spawn,catalog/planar_and_magical/Intelligent_Aquatic_and_Magical_Water_Threats.md; catalog/planar_and_magical/Intelligent_Aquatic_and_Magical_Water_Threats.md,water-weird; sea-spawn
17,Intelligent Aquatic and Magical Water Threats,planar_and_magical,planar_and_magical/Intelligent_Aquatic_and_Magical_Water_Threats.md,6,6 Merrow + 1 Giant Shark,7,false,Merrow; Giant Shark,catalog/planar_and_magical/Intelligent_Aquatic_and_Magical_Water_Threats.md; catalog/natural_ecology/Aquatic_Wetland_and_Coastal_Wildlife.md,merrow; giant-shark
18,Magically Animated Constructs and Objects,constructs_and_animated,constructs_and_animated/Magically_Animated_Constructs_and_Objects.md,1,4 Flying Swords + 2 Animated Armors,6,false,Animated Flying Sword; Animated Armor,catalog/constructs_and_animated/Magically_Animated_Constructs_and_Objects.md; catalog/constructs_and_animated/Magically_Animated_Constructs_and_Objects.md,animated-flying-sword; animated-armor
18,Magically Animated Constructs and Objects,constructs_and_animated,constructs_and_animated/Magically_Animated_Constructs_and_Objects.md,2,2 Rugs of Smothering + 4 Homunculi,6,false,Animated Rug of Smothering; Homunculus,catalog/constructs_and_animated/Magically_Animated_Constructs_and_Objects.md; catalog/constructs_and_animated/Magically_Animated_Constructs_and_Objects.md,animated-rug-of-smothering; homunculus
18,Magically Animated Constructs and Objects,constructs_and_animated,constructs_and_animated/Magically_Animated_Constructs_and_Objects.md,3,4 Scarecrows + 2 Animated Armors,6,false,Scarecrow; Animated Armor,catalog/constructs_and_animated/Magically_Animated_Constructs_and_Objects.md; catalog/constructs_and_animated/Magically_Animated_Constructs_and_Objects.md,scarecrow; animated-armor
18,Magically Animated Constructs and Objects,constructs_and_animated,constructs_and_animated/Magically_Animated_Constructs_and_Objects.md,4,1 Helmed Horror + 4 Flying Swords,5,false,Helmed Horror; Animated Flying Sword,catalog/constructs_and_animated/Magically_Animated_Constructs_and_Objects.md; catalog/constructs_and_animated/Magically_Animated_Constructs_and_Objects.md,helmed-horror; animated-flying-sword
18,Magically Animated Constructs and Objects,constructs_and_animated,constructs_and_animated/Magically_Animated_Constructs_and_Objects.md,5,1 Shield Guardian + 2 Helmed Horrors,3,false,Shield Guardian; Helmed Horror,catalog/constructs_and_animated/Magically_Animated_Constructs_and_Objects.md; catalog/constructs_and_animated/Magically_Animated_Constructs_and_Objects.md,shield-guardian; helmed-horror
18,Magically Animated Constructs and Objects,constructs_and_animated,constructs_and_animated/Magically_Animated_Constructs_and_Objects.md,6,1 Iron Golem + 2 Stone Golems + 2 Clay Golems,5,false,Iron Golem; Stone Golem; Clay Golem,catalog/constructs_and_animated/Magically_Animated_Constructs_and_Objects.md; catalog/constructs_and_animated/Magically_Animated_Constructs_and_Objects.md; catalog/constructs_and_animated/Magically_Animated_Constructs_and_Objects.md,iron-golem; stone-golem; clay-golem
19,Magically Sustained Plants and Blights,planar_and_magical,planar_and_magical/Magically_Sustained_Plants_and_Blights.md,1,1 Awakened Tree + 6 Awakened Shrubs,7,false,Awakened Tree; Awakened Shrub,catalog/planar_and_magical/Magically_Sustained_Plants_and_Blights.md; catalog/planar_and_magical/Magically_Sustained_Plants_and_Blights.md,awakened-tree; awakened-shrub
19,Magically Sustained Plants and Blights,planar_and_magical,planar_and_magical/Magically_Sustained_Plants_and_Blights.md,2,8 Twig Blights + 4 Needle Blights,12,false,Twig Blight; Needle Blight,catalog/planar_and_magical/Magically_Sustained_Plants_and_Blights.md; catalog/planar_and_magical/Magically_Sustained_Plants_and_Blights.md,twig-blight; needle-blight
19,Magically Sustained Plants and Blights,planar_and_magical,planar_and_magical/Magically_Sustained_Plants_and_Blights.md,3,2 Vine Blights + 6 Twig Blights,8,false,Vine Blight; Twig Blight,catalog/planar_and_magical/Magically_Sustained_Plants_and_Blights.md; catalog/planar_and_magical/Magically_Sustained_Plants_and_Blights.md,vine-blight; twig-blight
19,Magically Sustained Plants and Blights,planar_and_magical,planar_and_magical/Magically_Sustained_Plants_and_Blights.md,4,1 Shambling Mound + 4 Vine Blights,5,false,Shambling Mound; Vine Blight,catalog/planar_and_magical/Magically_Sustained_Plants_and_Blights.md; catalog/planar_and_magical/Magically_Sustained_Plants_and_Blights.md,shambling-mound; vine-blight
19,Magically Sustained Plants and Blights,planar_and_magical,planar_and_magical/Magically_Sustained_Plants_and_Blights.md,5,1 Wood Woad + 2 Awakened Trees,3,false,Wood Woad; Awakened Tree,catalog/planar_and_magical/Magically_Sustained_Plants_and_Blights.md; catalog/planar_and_magical/Magically_Sustained_Plants_and_Blights.md,wood-woad; awakened-tree
19,Magically Sustained Plants and Blights,planar_and_magical,planar_and_magical/Magically_Sustained_Plants_and_Blights.md,6,2 Shambling Mounds + 4 Needle Blights + 4 Vine Blights,10,false,Shambling Mound; Needle Blight; Vine Blight,catalog/planar_and_magical/Magically_Sustained_Plants_and_Blights.md; catalog/planar_and_magical/Magically_Sustained_Plants_and_Blights.md; catalog/planar_and_magical/Magically_Sustained_Plants_and_Blights.md,shambling-mound; needle-blight; vine-blight
20,Major Elemental Gate Invasions,gate_incursions,gate_incursions/Major_Elemental_Gate_Invasions.md,1,48 Air Elementals + 4 Invisible Stalkers — 52 total,52,true,Air Elemental; Invisible Stalker,catalog/gate_incursions/Major_Elemental_Gate_Creatures.md; catalog/gate_incursions/Severe_Gate_Incursions.md,air-elemental; invisible-stalker
20,Major Elemental Gate Invasions,gate_incursions,gate_incursions/Major_Elemental_Gate_Invasions.md,2,40 Earth Elementals + 12 Galeb Duhr — 52 total,52,true,Earth Elemental; Galeb Duhr,catalog/gate_incursions/Major_Elemental_Gate_Creatures.md; catalog/gate_incursions/Major_Elemental_Gate_Creatures.md,earth-elemental; galeb-duhr
20,Major Elemental Gate Invasions,gate_incursions,gate_incursions/Major_Elemental_Gate_Invasions.md,3,36 Fire Elementals + 12 Salamanders + 6 Azers — 54 total,54,true,Fire Elemental; Salamander; Azer,catalog/gate_incursions/Major_Elemental_Gate_Creatures.md; catalog/gate_incursions/Severe_Gate_Incursions.md; catalog/gate_incursions/Minor_Elemental_Gate_Creatures.md,fire-elemental; salamander; azer
20,Major Elemental Gate Invasions,gate_incursions,gate_incursions/Major_Elemental_Gate_Invasions.md,4,40 Water Elementals + 12 Water Weirds — 52 total,52,true,Water Elemental; Water Weird,catalog/gate_incursions/Major_Elemental_Gate_Creatures.md; catalog/planar_and_magical/Intelligent_Aquatic_and_Magical_Water_Threats.md,water-elemental; water-weird
20,Major Elemental Gate Invasions,gate_incursions,gate_incursions/Major_Elemental_Gate_Invasions.md,5,20 Air Elementals + 20 Fire Elementals + 10 Earth Elementals + 10 Water Elementals — 60 total,60,true,Air Elemental; Fire Elemental; Earth Elemental; Water Elemental,catalog/gate_incursions/Major_Elemental_Gate_Creatures.md; catalog/gate_incursions/Major_Elemental_Gate_Creatures.md; catalog/gate_incursions/Major_Elemental_Gate_Creatures.md; catalog/gate_incursions/Major_Elemental_Gate_Creatures.md,air-elemental; fire-elemental; earth-elemental; water-elemental
20,Major Elemental Gate Invasions,gate_incursions,gate_incursions/Major_Elemental_Gate_Invasions.md,6,12 Salamanders + 12 Galeb Duhr + 12 Earth Elementals + 12 Fire Elementals + 6 Azers — 54 total,54,true,Salamander; Galeb Duhr; Earth Elemental; Fire Elemental; Azer,catalog/gate_incursions/Severe_Gate_Incursions.md; catalog/gate_incursions/Major_Elemental_Gate_Creatures.md; catalog/gate_incursions/Major_Elemental_Gate_Creatures.md; catalog/gate_incursions/Major_Elemental_Gate_Creatures.md; catalog/gate_incursions/Minor_Elemental_Gate_Creatures.md,salamander; galeb-duhr; earth-elemental; fire-elemental; azer
21,Minor Elemental Gate Invasions,gate_incursions,gate_incursions/Minor_Elemental_Gate_Invasions.md,1,60 Smoke Mephits — 60 total,60,true,Smoke Mephit,catalog/gate_incursions/Minor_Elemental_Gate_Creatures.md,smoke-mephit
21,Minor Elemental Gate Invasions,gate_incursions,gate_incursions/Minor_Elemental_Gate_Invasions.md,2,40 Steam Mephits + 20 Mud Mephits — 60 total,60,true,Steam Mephit; Mud Mephit,catalog/gate_incursions/Minor_and_Moderate_Gate_Incursions.md; catalog/gate_incursions/Minor_Elemental_Gate_Creatures.md,steam-mephit; mud-mephit
21,Minor Elemental Gate Invasions,gate_incursions,gate_incursions/Minor_Elemental_Gate_Invasions.md,3,36 Magma Mephits + 24 Magmin — 60 total,60,true,Magma Mephit; Magmin,catalog/gate_incursions/Minor_Elemental_Gate_Creatures.md; catalog/gate_incursions/Minor_Elemental_Gate_Creatures.md,magma-mephit; magmin
21,Minor Elemental Gate Invasions,gate_incursions,gate_incursions/Minor_Elemental_Gate_Invasions.md,4,30 Ice Mephits + 30 Dust Mephits — 60 total,60,true,Ice Mephit; Dust Mephit,catalog/gate_incursions/Minor_Elemental_Gate_Creatures.md; catalog/gate_incursions/Minor_Elemental_Gate_Creatures.md,ice-mephit; dust-mephit
21,Minor Elemental Gate Invasions,gate_incursions,gate_incursions/Minor_Elemental_Gate_Invasions.md,5,12 Azers + 24 Fire Snakes + 24 Magma Mephits — 60 total,60,true,Azer; Fire Snake; Magma Mephit,catalog/gate_incursions/Minor_Elemental_Gate_Creatures.md; catalog/gate_incursions/Minor_Elemental_Gate_Creatures.md; catalog/gate_incursions/Minor_Elemental_Gate_Creatures.md,azer; fire-snake; magma-mephit
21,Minor Elemental Gate Invasions,gate_incursions,gate_incursions/Minor_Elemental_Gate_Invasions.md,6,20 Gargoyles + 20 Magmin + 20 Smoke Mephits — 60 total,60,true,Gargoyle; Magmin; Smoke Mephit,catalog/gate_incursions/Minor_Elemental_Gate_Creatures.md; catalog/gate_incursions/Minor_Elemental_Gate_Creatures.md; catalog/gate_incursions/Minor_Elemental_Gate_Creatures.md,gargoyle; magmin; smoke-mephit
22,Minor and Moderate Gate Invasions,gate_incursions,gate_incursions/Minor_and_Moderate_Gate_Invasions.md,1,6 Hell Hounds + 48 Imps — 54 total,54,true,Hell Hound; Imp,catalog/gate_incursions/Minor_and_Moderate_Gate_Incursions.md; catalog/gate_incursions/Minor_and_Moderate_Gate_Incursions.md,hell-hound; imp
22,Minor and Moderate Gate Invasions,gate_incursions,gate_incursions/Minor_and_Moderate_Gate_Invasions.md,2,12 Quasits + 42 Dretches — 54 total,54,true,Quasit; Dretch,catalog/gate_incursions/Minor_and_Moderate_Gate_Incursions.md; catalog/gate_incursions/Minor_and_Moderate_Gate_Incursions.md,quasit; dretch
22,Minor and Moderate Gate Invasions,gate_incursions,gate_incursions/Minor_and_Moderate_Gate_Invasions.md,3,12 Manticores + 18 Death Dogs + 24 Hell Hounds — 54 total,54,true,Manticore; Death Dog; Hell Hound,catalog/gate_incursions/Minor_and_Moderate_Gate_Incursions.md; catalog/planar_and_magical/Captured_and_Transported_Monstrosities.md; catalog/gate_incursions/Minor_and_Moderate_Gate_Incursions.md,manticore; death-dog; hell-hound
22,Minor and Moderate Gate Invasions,gate_incursions,gate_incursions/Minor_and_Moderate_Gate_Invasions.md,4,10 Chuul + 20 Merrow + 24 Sea Spawn — 54 total,54,true,Chuul; Merrow; Sea Spawn,catalog/gate_incursions/Minor_and_Moderate_Gate_Incursions.md; catalog/planar_and_magical/Intelligent_Aquatic_and_Magical_Water_Threats.md; catalog/planar_and_magical/Intelligent_Aquatic_and_Magical_Water_Threats.md,chuul; merrow; sea-spawn
22,Minor and Moderate Gate Invasions,gate_incursions,gate_incursions/Minor_and_Moderate_Gate_Invasions.md,5,8 Xorn + 16 Rust Monsters + 32 Steam Mephits — 56 total,56,true,Xorn; Rust Monster; Steam Mephit,catalog/gate_incursions/Minor_and_Moderate_Gate_Incursions.md; catalog/planar_and_magical/Captured_and_Transported_Monstrosities.md; catalog/gate_incursions/Minor_and_Moderate_Gate_Incursions.md,xorn; rust-monster; steam-mephit
22,Minor and Moderate Gate Invasions,gate_incursions,gate_incursions/Minor_and_Moderate_Gate_Invasions.md,6,6 Sea Hags + 18 Giant Octopuses + 30 Reef Sharks — 54 total,54,true,Sea Hag; Giant Octopus; Reef Shark,catalog/gate_incursions/Minor_and_Moderate_Gate_Incursions.md; catalog/natural_ecology/Aquatic_Wetland_and_Coastal_Wildlife.md; catalog/natural_ecology/Aquatic_Wetland_and_Coastal_Wildlife.md,sea-hag; giant-octopus; reef-shark
23,Severe Gate Invasions,gate_incursions,gate_incursions/Severe_Gate_Invasions.md,1,2 Bone Devils + 8 Chain Devils + 20 Hell Hounds + 24 Imps — 54 total,54,true,Bone Devil; Chain Devil; Hell Hound; Imp,catalog/gate_incursions/Severe_Gate_Incursions.md; catalog/gate_incursions/Severe_Gate_Incursions.md; catalog/gate_incursions/Minor_and_Moderate_Gate_Incursions.md; catalog/gate_incursions/Minor_and_Moderate_Gate_Incursions.md,bone-devil; chain-devil; hell-hound; imp
23,Severe Gate Invasions,gate_incursions,gate_incursions/Severe_Gate_Invasions.md,2,2 Hezrou + 8 Barlguras + 12 Vrocks + 12 Chasmes + 24 Dretches — 58 total,58,true,Hezrou; Barlgura; Vrock; Chasme; Dretch,catalog/gate_incursions/Severe_Gate_Incursions.md; catalog/gate_incursions/Severe_Gate_Incursions.md; catalog/gate_incursions/Severe_Gate_Incursions.md; catalog/gate_incursions/Severe_Gate_Incursions.md; catalog/gate_incursions/Minor_and_Moderate_Gate_Incursions.md,hezrou; barlgura; vrock; chasme; dretch
23,Severe Gate Invasions,gate_incursions,gate_incursions/Severe_Gate_Invasions.md,3,4 Green Slaads + 12 Blue Slaads + 40 Red Slaads — 56 total,56,true,Green Slaad; Blue Slaad; Red Slaad,catalog/gate_incursions/Severe_Gate_Incursions.md; catalog/gate_incursions/Severe_Gate_Incursions.md; catalog/gate_incursions/Severe_Gate_Incursions.md,green-slaad; blue-slaad; red-slaad
23,Severe Gate Invasions,gate_incursions,gate_incursions/Severe_Gate_Invasions.md,4,6 Salamanders + 12 Fire Elementals + 18 Azers + 24 Magma Mephits — 60 total,60,true,Salamander; Fire Elemental; Azer; Magma Mephit,catalog/gate_incursions/Severe_Gate_Incursions.md; catalog/gate_incursions/Major_Elemental_Gate_Creatures.md; catalog/gate_incursions/Minor_Elemental_Gate_Creatures.md; catalog/gate_incursions/Minor_Elemental_Gate_Creatures.md,salamander; fire-elemental; azer; magma-mephit
23,Severe Gate Invasions,gate_incursions,gate_incursions/Severe_Gate_Invasions.md,5,6 Invisible Stalkers + 12 Manticores + 18 Vrocks + 18 Chasmes — 54 total,54,true,Invisible Stalker; Manticore; Vrock; Chasme,catalog/gate_incursions/Severe_Gate_Incursions.md; catalog/gate_incursions/Minor_and_Moderate_Gate_Incursions.md; catalog/gate_incursions/Severe_Gate_Incursions.md; catalog/gate_incursions/Severe_Gate_Incursions.md,invisible-stalker; manticore; vrock; chasme
23,Severe Gate Invasions,gate_incursions,gate_incursions/Severe_Gate_Invasions.md,6,4 Green Hags + 10 Yeth Hounds + 20 Redcaps + 20 Meenlocks — 54 total,54,true,Green Hag; Yeth Hound; Redcap; Meenlock,catalog/planar_and_magical/Fey_and_Magical_Wilderness_Creatures.md; catalog/planar_and_magical/Fey_and_Magical_Wilderness_Creatures.md; catalog/planar_and_magical/Fey_and_Magical_Wilderness_Creatures.md; catalog/planar_and_magical/Fey_and_Magical_Wilderness_Creatures.md,green-hag; yeth-hound; redcap; meenlock
